family,step,appearance,token_name,design_hex,design_oklch_l,design_oklch_c,design_oklch_h,design_oklch_alpha,ios_reference_status,ios_p3_r,ios_p3_g,ios_p3_b,ios_p3_alpha,android_reference_status,android_strategy,android_color_space,android_hex,android_r,android_g,android_b,android_alpha,figma_node_or_variable,notes
alpine-lake-blue,010,default,alpine-lake-blue-010,#f2fdff,0.99,0.0819,259,1.0,not-provided,,,,,not-provided,,,,,,,,858:10176,
alpine-lake-blue,050,default,alpine-lake-blue-050,#eaf8ff,0.975,0.0851,259,1.0,not-provided,,,,,not-provided,,,,,,,,858:10192,
alpine-lake-blue,100,default,alpine-lake-blue-100,#dff2ff,0.955,0.0892,259,1.0,not-provided,,,,,not-provided,,,,,,,,858:10208,
alpine-lake-blue,200,default,alpine-lake-blue-200,#d2eaff,0.93,0.0941,259,1.0,not-provided,,,,,not-provided,,,,,,,,858:10224,
alpine-lake-blue,300,default,alpine-lake-blue-300,#c3e0ff,0.90,0.0996,259,1.0,not-provided,,,,,not-provided,,,,,,,,858:10240,
alpine-lake-blue,400,default,alpine-lake-blue-400,#b3d6ff,0.87,0.1046,259,1.0,not-provided,,,,,not-provided,,,,,,,,858:10256,
alpine-lake-blue,500,default,alpine-lake-blue-500,#a3ccff,0.84,0.1091,259,1.0,not-provided,,,,,not-provided,,,,,,,,858:10272,
alpine-lake-blue,600,default,alpine-lake-blue-600,#91bfff,0.80,0.1145,259,1.0,not-provided,,,,,not-provided,,,,,,,,858:10288,
alpine-lake-blue,700,default,alpine-lake-blue-700,#81b1fb,0.755,0.1196,259,1.0,not-provided,,,,,not-provided,,,,,,,,858:10304,
alpine-lake-blue,800,default,alpine-lake-blue-800,#6e9feb,0.7,0.1244,259,1.0,not-provided,,,,,not-provided,,,,,,,,858:10320,
alpine-lake-blue,850,default,alpine-lake-blue-850,#6192df,0.66,0.127,259,1.0,not-provided,,,,,not-provided,,,,,,,,858:10336,
alpine-lake-blue,900,default,alpine-lake-blue-900,#5889d6,0.63,0.1284,259,1.0,not-provided,,,,,not-provided,,,,,,,,858:10352,
alpine-lake-blue,1000,default,alpine-lake-blue-1000,#4c7dc9,0.59,0.1296,259,1.0,not-provided,,,,,not-provided,,,,,,,,858:10368,
alpine-lake-blue,1100,default,alpine-lake-blue-1100,#3d6db9,0.54,0.1299,259,1.0,not-provided,,,,,not-provided,,,,,,,,858:10384,
alpine-lake-blue,1200,default,alpine-lake-blue-1200,#2b59a0,0.47,0.1252,259,1.0,not-provided,,,,,not-provided,,,,,,,,858:10400,
alpine-lake-blue,1300,default,alpine-lake-blue-1300,#1e4683,0.40,0.1131,259,1.0,not-provided,,,,,not-provided,,,,,,,,858:10416,
alpine-lake-blue,1400,default,alpine-lake-blue-1400,#112d57,0.30,0.0831,259,1.0,not-provided,,,,,not-provided,,,,,,,,858:10432,
alpine-lake-blue,1500,default,alpine-lake-blue-1500,#041532,0.20,0.0625,259,1.0,not-provided,,,,,not-provided,,,,,,,,858:10448,
info-blue,010,default,info-blue-010,#f6fdfe,0.99,0.0075,200,1.0,not-provided,,,,,not-provided,,,,,,,,858:10482,
info-blue,050,default,info-blue-050,#f1f8f9,0.975,0.0075,200,1.0,not-provided,,,,,not-provided,,,,,,,,858:10498,
info-blue,100,default,info-blue-100,#e9f2f3,0.955,0.0096,200,1.0,not-provided,,,,,not-provided,,,,,,,,858:10514,
info-blue,200,default,info-blue-200,#daeced,0.93,0.0195,200,1.0,not-provided,,,,,not-provided,,,,,,,,858:10530,
info-blue,300,default,info-blue-300,#c8e5e6,0.90,0.0304,200,1.0,not-provided,,,,,not-provided,,,,,,,,858:10546,
info-blue,400,default,info-blue-400,#b6dddf,0.87,0.0403,200,1.0,not-provided,,,,,not-provided,,,,,,,,858:10562,
info-blue,500,default,info-blue-500,#a6d5d7,0.84,0.0492,200,1.0,not-provided,,,,,not-provided,,,,,,,,858:10578,
info-blue,600,default,info-blue-600,#90cacd,0.80,0.0594,200,1.0,not-provided,,,,,not-provided,,,,,,,,858:10594,
info-blue,700,default,info-blue-700,#7abdc1,0.755,0.0686,200,1.0,not-provided,,,,,not-provided,,,,,,,,858:10610,
info-blue,800,default,info-blue-800,#60adb1,0.7,0.0767,200,1.0,not-provided,,,,,not-provided,,,,,,,,858:10626,
info-blue,850,default,info-blue-850,#4fa1a6,0.66,0.0804,200,1.0,not-provided,,,,,not-provided,,,,,,,,858:10642,
info-blue,900,default,info-blue-900,#43989d,0.63,0.0820,200,1.0,not-provided,,,,,not-provided,,,,,,,,858:10658,
info-blue,1000,default,info-blue-1000,#348c91,0.59,0.0824,200,1.0,not-provided,,,,,not-provided,,,,,,,,858:10674,
info-blue,1100,default,info-blue-1100,#257d81,0.54,0.0804,200,1.0,not-provided,,,,,not-provided,,,,,,,,858:10690,
info-blue,1200,default,info-blue-1200,#18676b,0.47,0.0726,200,1.0,not-provided,,,,,not-provided,,,,,,,,858:10706,
info-blue,1300,default,info-blue-1300,#165154,0.40,0.0592,200,1.0,not-provided,,,,,not-provided,,,,,,,,858:10722,
info-blue,1400,default,info-blue-1400,#1b3234,0.30,0.03,200,1.0,not-provided,,,,,not-provided,,,,,,,,858:10738,
info-blue,1500,default,info-blue-1500,#031a1b,0.20,0.03,200,1.0,not-provided,,,,,not-provided,,,,,,,,858:10754,
membership-text,010,default,membership-text-010,#f5fefb,0.99,0.01,173,1.0,not-provided,,,,,not-provided,,,,,,,,858:10788,
membership-text,050,default,membership-text-050,#eefaf6,0.975,0.0133,173,1.0,not-provided,,,,,not-provided,,,,,,,,858:10804,
membership-text,100,default,membership-text-100,#dff6ee,0.955,0.0261,173,1.0,not-provided,,,,,not-provided,,,,,,,,858:10820,
membership-text,200,default,membership-text-200,#cdf1e5,0.93,0.041,173,1.0,not-provided,,,,,not-provided,,,,,,,,858:10836,
membership-text,300,default,membership-text-300,#b8ebda,0.90,0.0574,173,1.0,not-provided,,,,,not-provided,,,,,,,,858:10852,
membership-text,400,default,membership-text-400,#a3e4d0,0.87,0.0721,173,1.0,not-provided,,,,,not-provided,,,,,,,,858:10868,
membership-text,500,default,membership-text-500,#8eddc5,0.84,0.0852,173,1.0,not-provided,,,,,not-provided,,,,,,,,858:10884,
membership-text,600,default,membership-text-600,#73d3b8,0.80,0.1,173,1.0,not-provided,,,,,not-provided,,,,,,,,858:10900,
membership-text,700,default,membership-text-700,#55c7a9,0.755,0.1131,173,1.0,not-provided,,,,,not-provided,,,,,,,,858:10916,
membership-text,800,default,membership-text-800,#2cb797,0.7,0.1241,173,1.0,not-provided,,,,,not-provided,,,,,,,,858:10932,
membership-text,850,default,membership-text-850,#00ab8b,0.66,0.1285,173,1.0,not-provided,,,,,not-provided,,,,,,,,858:10948,
membership-text,900,default,membership-text-900,#00a282,0.63,0.1299,173,1.0,not-provided,,,,,not-provided,,,,,,,,858:10964,
membership-text,1000,default,membership-text-1000,#009576,0.59,0.1292,173,1.0,not-provided,,,,,not-provided,,,,,,,,858:10980,
membership-text,1100,default,membership-text-1100,#008568,0.54,0.1246,173,1.0,not-provided,,,,,not-provided,,,,,,,,858:10996,
membership-text,1200,default,membership-text-1200,#006e55,0.47,0.1109,173,1.0,not-provided,,,,,not-provided,,,,,,,,858:11012,
membership-text,1300,default,membership-text-1300,#005743,0.40,0.0889,173,1.0,not-provided,,,,,not-provided,,,,,,,,858:11028,
membership-text,1400,default,membership-text-1400,#13352c,0.30,0.0431,173,1.0,not-provided,,,,,not-provided,,,,,,,,858:11044,
membership-text,1500,default,membership-text-1500,#061a15,0.20,0.03,173,1.0,not-provided,,,,,not-provided,,,,,,,,858:11060,
blue-spruce-green,010,default,blue-spruce-green-010,#f6fefa,0.99,0.01,166,1.0,not-provided,,,,,not-provided,,,,,,,,858:11094,
blue-spruce-green,050,default,blue-spruce-green-050,#f1f9f5,0.975,0.01,166,1.0,not-provided,,,,,not-provided,,,,,,,,858:11110,
blue-spruce-green,100,default,blue-spruce-green-100,#e3f5ed,0.955,0.0231,166,1.0,not-provided,,,,,not-provided,,,,,,,,858:11126,
blue-spruce-green,200,default,blue-spruce-green-200,#d1f0e2,0.93,0.038,166,1.0,not-provided,,,,,not-provided,,,,,,,,858:11142,Token name in Figma reads blue-spruce-green-9166 (likely typo for 200)
blue-spruce-green,300,default,blue-spruce-green-300,#bdead6,0.90,0.0537,166,1.0,not-provided,,,,,not-provided,,,,,,,,858:11158,
blue-spruce-green,400,default,blue-spruce-green-400,#abe3ca,0.87,0.0672,166,1.0,not-provided,,,,,not-provided,,,,,,,,858:11174,
blue-spruce-green,500,default,blue-spruce-green-500,#99dbbf,0.84,0.0783,166,1.0,not-provided,,,,,not-provided,,,,,,,,858:11190,
blue-spruce-green,600,default,blue-spruce-green-600,#83d1b1,0.80,0.0896,166,1.0,not-provided,,,,,not-provided,,,,,,,,858:11206,
blue-spruce-green,700,default,blue-spruce-green-700,#6ec3a1,0.755,0.0974,166,1.0,not-provided,,,,,not-provided,,,,,,,,858:11222,
blue-spruce-green,800,default,blue-spruce-green-800,#5ab290,0.7,0.1,166,1.0,not-provided,,,,,not-provided,,,,,,,,858:11238,
blue-spruce-green,850,default,blue-spruce-green-850,#4ea684,0.66,0.0992,166,1.0,not-provided,,,,,not-provided,,,,,,,,858:11254,
blue-spruce-green,900,default,blue-spruce-green-900,#459c7b,0.63,0.0979,166,1.0,not-provided,,,,,not-provided,,,,,,,,858:11270,
blue-spruce-green,1000,default,blue-spruce-green-1000,#3b8f70,0.59,0.0953,166,1.0,not-provided,,,,,not-provided,,,,,,,,858:11286,
blue-spruce-green,1100,default,blue-spruce-green-1100,#2f7f62,0.54,0.0906,166,1.0,not-provided,,,,,not-provided,,,,,,,,858:11302,
blue-spruce-green,1200,default,blue-spruce-green-1200,#236950,0.47,0.0813,166,1.0,not-provided,,,,,not-provided,,,,,,,,858:11318,
blue-spruce-green,1300,default,blue-spruce-green-1300,#1a533f,0.40,0.0688,166,1.0,not-provided,,,,,not-provided,,,,,,,,858:11334,
blue-spruce-green,1400,default,blue-spruce-green-1400,#143528,0.30,0.0455,166,1.0,not-provided,,,,,not-provided,,,,,,,,858:11350,
blue-spruce-green,1500,default,blue-spruce-green-1500,#011c12,0.20,0.04,166,1.0,not-provided,,,,,not-provided,,,,,,,,858:11366,
sage-green,010,default,sage-green-010,#f5fef9,0.99,0.012,158,1.0,not-provided,,,,,not-provided,,,,,,,,858:11400,
sage-green,050,default,sage-green-050,#f0faf3,0.975,0.0136,158,1.0,not-provided,,,,,not-provided,,,,,,,,858:11416,
sage-green,100,default,sage-green-100,#e6f4eb,0.955,0.0199,158,1.0,not-provided,,,,,not-provided,,,,,,,,858:11432,
sage-green,200,default,sage-green-200,#daeee1,0.93,0.0269,158,1.0,not-provided,,,,,not-provided,,,,,,,,858:11448,
sage-green,300,default,sage-green-300,#cce5d5,0.90,0.0344,158,1.0,not-provided,,,,,not-provided,,,,,,,,858:11464,
sage-green,400,default,sage-green-400,#bfddca,0.87,0.0407,158,1.0,not-provided,,,,,not-provided,,,,,,,,858:11480,
sage-green,500,default,sage-green-500,#b3d4bf,0.84,0.0458,158,1.0,not-provided,,,,,not-provided,,,,,,,,858:11496,
sage-green,600,default,sage-green-600,#a3c8b1,0.80,0.0509,158,1.0,not-provided,,,,,not-provided,,,,,,,,858:11512,
sage-green,700,default,sage-green-700,#93baa3,0.755,0.0542,158,1.0,not-provided,,,,,not-provided,,,,,,,,858:11528,
sage-green,800,default,sage-green-800,#82a992,0.7,0.0549,158,1.0,not-provided,,,,,not-provided,,,,,,,,858:11544,
sage-green,850,default,sage-green-850,#769d86,0.66,0.0545,158,1.0,not-provided,,,,,not-provided,,,,,,,,858:11560,
sage-green,900,default,sage-green-900,#6e937d,0.63,0.0538,158,1.0,not-provided,,,,,not-provided,,,,,,,,858:11576,
sage-green,1000,default,sage-green-1000,#638771,0.59,0.0525,158,1.0,not-provided,,,,,not-provided,,,,,,,,858:11592,
sage-green,1100,default,sage-green-1100,#567864,0.54,0.0502,158,1.0,not-provided,,,,,not-provided,,,,,,,,858:11608,
sage-green,1200,default,sage-green-1200,#456351,0.47,0.0457,158,1.0,not-provided,,,,,not-provided,,,,,,,,858:11624,
sage-green,1300,default,sage-green-1300,#354e40,0.40,0.0397,158,1.0,not-provided,,,,,not-provided,,,,,,,,858:11640,
sage-green,1400,default,sage-green-1400,#223228,0.30,0.0286,158,1.0,not-provided,,,,,not-provided,,,,,,,,858:11656,
sage-green,1500,default,sage-green-1500,#0d1912,0.20,0.022,158,1.0,not-provided,,,,,not-provided,,,,,,,,858:11672,
success-green,010,default,success-green-010,#f6fff6,0.99,0.015,146,1.0,not-provided,,,,,not-provided,,,,,,,,858:11706,
success-green,050,default,success-green-050,#eefbee,0.975,0.0222,146,1.0,not-provided,,,,,not-provided,,,,,,,,858:11722,
success-green,100,default,success-green-100,#e3f6e4,0.955,0.0314,146,1.0,not-provided,,,,,not-provided,,,,,,,,858:11738,
success-green,200,default,success-green-200,#d7f0d7,0.93,0.0422,146,1.0,not-provided,,,,,not-provided,,,,,,,,858:11754,
success-green,300,default,success-green-300,#c8e8c9,0.90,0.0542,146,1.0,not-provided,,,,,not-provided,,,,,,,,858:11770,
success-green,400,default,success-green-400,#bae0bb,0.87,0.0652,146,1.0,not-provided,,,,,not-provided,,,,,,,,858:11786,
success-green,500,default,success-green-500,#acd8ae,0.84,0.075,146,1.0,not-provided,,,,,not-provided,,,,,,,,858:11802,
success-green,600,default,success-green-600,#9acd9d,0.80,0.0865,146,1.0,not-provided,,,,,not-provided,,,,,,,,858:11818,
success-green,700,default,success-green-700,#87c08a,0.755,0.0971,146,1.0,not-provided,,,,,not-provided,,,,,,,,858:11834,
success-green,800,default,success-green-800,#71b076,0.7,0.1068,146,1.0,not-provided,,,,,not-provided,,,,,,,,858:11850,
success-green,850,default,success-green-850,#62a468,0.66,0.1116,146,1.0,not-provided,,,,,not-provided,,,,,,,,858:11866,
success-green,900,default,success-green-900,#589b5e,0.63,0.1139,146,1.0,not-provided,,,,,not-provided,,,,,,,,858:11882,
success-green,1000,default,success-green-1000,#4b8f52,0.59,0.1153,146,1.0,not-provided,,,,,not-provided,,,,,,,,858:11898,
success-green,1100,default,success-green-1100,#3d8044,0.54,0.1141,146,1.0,not-provided,,,,,not-provided,,,,,,,,858:11914,
success-green,1200,default,success-green-1200,#2d6a34,0.47,0.1061,146,1.0,not-provided,,,,,not-provided,,,,,,,,858:11930,
success-green,1300,default,success-green-1300,#1e5525,0.40,0.096,146,1.0,not-provided,,,,,not-provided,,,,,,,,858:11946,
success-green,1400,default,success-green-1400,#1a351c,0.30,0.0554,146,1.0,not-provided,,,,,not-provided,,,,,,,,858:11962,
success-green,1500,default,success-green-1500,#151715,0.20,0.005,146,1.0,not-provided,,,,,not-provided,,,,,,,,858:11978,
highlight-lichen,010,default,highlight-lichen-010,#f7ffdc,0.99,0.0266,120,1.0,not-provided,,,,,not-provided,,,,,,,,858:12012,
highlight-lichen,050,default,highlight-lichen-050,#f1fecc,0.975,0.0768,120,1.0,not-provided,,,,,not-provided,,,,,,,,858:12028,
highlight-lichen,100,default,highlight-lichen-100,#e5fd9c,0.955,0.1321,120,1.0,not-provided,,,,,not-provided,,,,,,,,858:12044,
highlight-lichen,200,default,highlight-lichen-200,#d9f963,0.93,0.1823,120,1.0,not-provided,,,,,not-provided,,,,,,,,858:12060,
highlight-lichen,300,default,highlight-lichen-300,#cdf107,0.90,0.2149,120,1.0,not-provided,,,,,not-provided,,,,,,,,858:12076,
highlight-lichen,400,default,highlight-lichen-400,#c3e700,0.87,0.2199,120,1.0,not-provided,,,,,not-provided,,,,,,,,858:12092,
highlight-lichen,500,default,highlight-lichen-500,#badd00,0.84,0.2188,120,1.0,not-provided,,,,,not-provided,,,,,,,,858:12108,
highlight-lichen,600,default,highlight-lichen-600,#aecf00,0.80,0.2155,120,1.0,not-provided,,,,,not-provided,,,,,,,,858:12124,
highlight-lichen,700,default,highlight-lichen-700,#a1c000,0.755,0.2091,120,1.0,not-provided,,,,,not-provided,,,,,,,,858:12140,
highlight-lichen,800,default,highlight-lichen-800,#91ad00,0.7,0.1978,120,1.0,not-provided,,,,,not-provided,,,,,,,,858:12156,
highlight-lichen,850,default,highlight-lichen-850,#85a000,0.66,0.1869,120,1.0,not-provided,,,,,not-provided,,,,,,,,858:12172,
highlight-lichen,900,default,highlight-lichen-900,#7d9600,0.63,0.1774,120,1.0,not-provided,,,,,not-provided,,,,,,,,858:12188,
highlight-lichen,1000,default,highlight-lichen-1000,#728900,0.59,0.1629,120,1.0,not-provided,,,,,not-provided,,,,,,,,858:12204,
highlight-lichen,1100,default,highlight-lichen-1100,#657900,0.54,0.1417,120,1.0,not-provided,,,,,not-provided,,,,,,,,858:12220,
highlight-lichen,1200,default,highlight-lichen-1200,#54630c,0.47,0.1064,120,1.0,not-provided,,,,,not-provided,,,,,,,,858:12236,
highlight-lichen,1300,default,highlight-lichen-1300,#434d23,0.40,0.0645,120,1.0,not-provided,,,,,not-provided,,,,,,,,858:12252,
highlight-lichen,1400,default,highlight-lichen-1400,#2a320b,0.30,0.0600,120,1.0,not-provided,,,,,not-provided,,,,,,,,858:12268,
highlight-lichen,1500,default,highlight-lichen-1500,#131900,0.20,0.0600,120,1.0,not-provided,,,,,not-provided,,,,,,,,858:12284,
appex-moss,010,default,appex-moss-010,#faffdb,0.99,0.0501,116,1.0,not-provided,,,,,not-provided,,,,,,,,858:12318,
appex-moss,050,default,appex-moss-050,#f4fdc8,0.975,0.0701,116,1.0,not-provided,,,,,not-provided,,,,,,,,858:12334,
appex-moss,100,default,appex-moss-100,#ecf9af,0.955,0.0944,116,1.0,not-provided,,,,,not-provided,,,,,,,,858:12350,
appex-moss,200,default,appex-moss-200,#e3f292,0.93,0.1210,116,1.0,not-provided,,,,,not-provided,,,,,,,,858:12366,
appex-moss,300,default,appex-moss-300,#d9ea71,0.90,0.1473,116,1.0,not-provided,,,,,not-provided,,,,,,,,858:12382,
appex-moss,400,default,appex-moss-400,#cfe14f,0.87,0.1676,116,1.0,not-provided,,,,,not-provided,,,,,,,,858:12398,
appex-moss,500,default,appex-moss-500,#c5d82a,0.84,0.1818,116,1.0,not-provided,,,,,not-provided,,,,,,,,858:12414,
appex-moss,600,default,appex-moss-600,#b9cb00,0.80,0.1912,116,1.0,not-provided,,,,,not-provided,,,,,,,,858:12430,
appex-moss,700,default,appex-moss-700,#abbd00,0.755,0.1913,116,1.0,not-provided,,,,,not-provided,,,,,,,,858:12446,
appex-moss,800,default,appex-moss-800,#9aaa00,0.7,0.1868,116,1.0,not-provided,,,,,not-provided,,,,,,,,858:12462,
appex-moss,850,default,appex-moss-850,#8e9d00,0.66,0.1807,116,1.0,not-provided,,,,,not-provided,,,,,,,,858:12478,
appex-moss,900,default,appex-moss-900,#859400,0.63,0.1746,116,1.0,not-provided,,,,,not-provided,,,,,,,,858:12494,
appex-moss,1000,default,appex-moss-1000,#7a8700,0.59,0.1644,116,1.0,not-provided,,,,,not-provided,,,,,,,,858:12510,
appex-moss,1100,default,appex-moss-1100,#6c7700,0.54,0.1484,116,1.0,not-provided,,,,,not-provided,,,,,,,,858:12526,
appex-moss,1200,default,appex-moss-1200,#586200,0.47,0.1200,116,1.0,not-provided,,,,,not-provided,,,,,,,,858:12542,
appex-moss,1300,default,appex-moss-1300,#464d0c,0.40,0.0844,116,1.0,not-provided,,,,,not-provided,,,,,,,,858:12558,
appex-moss,1400,default,appex-moss-1400,#2d3115,0.30,0.0450,116,1.0,not-provided,,,,,not-provided,,,,,,,,858:12574,
appex-moss,1500,default,appex-moss-1500,#151800,0.20,0.0450,116,1.0,not-provided,,,,,not-provided,,,,,,,,858:12590,
golden-moss,010,default,golden-moss-010,#fcfcf7,0.99,0.006,104,1.0,not-provided,,,,,not-provided,,,,,,,,858:12624,
golden-moss,050,default,golden-moss-050,#f8f8eb,0.975,0.0170,104,1.0,not-provided,,,,,not-provided,,,,,,,,858:12640,
golden-moss,100,default,golden-moss-100,#f4f2d5,0.955,0.0376,104,1.0,not-provided,,,,,not-provided,,,,,,,,858:12656,
golden-moss,200,default,golden-moss-200,#eeebbc,0.93,0.0605,104,1.0,not-provided,,,,,not-provided,,,,,,,,858:12672,
golden-moss,300,default,golden-moss-300,#e7e1a0,0.90,0.0840,104,1.0,not-provided,,,,,not-provided,,,,,,,,858:12688,
golden-moss,400,default,golden-moss-400,#dfd887,0.87,0.1031,104,1.0,not-provided,,,,,not-provided,,,,,,,,858:12704,
golden-moss,500,default,golden-moss-500,#d7ce6f,0.84,0.1178,104,1.0,not-provided,,,,,not-provided,,,,,,,,858:12720,
golden-moss,600,default,golden-moss-600,#ccc255,0.80,0.1305,104,1.0,not-provided,,,,,not-provided,,,,,,,,858:12736,
golden-moss,700,default,golden-moss-700,#beb33e,0.755,0.1355,104,1.0,not-provided,,,,,not-provided,,,,,,,,858:12752,
golden-moss,800,default,golden-moss-800,#ada22b,0.7,0.1340,104,1.0,not-provided,,,,,not-provided,,,,,,,,858:12768,
golden-moss,850,default,golden-moss-850,#a0951d,0.66,0.1310,104,1.0,not-provided,,,,,not-provided,,,,,,,,858:12784,
golden-moss,900,default,golden-moss-900,#968c15,0.63,0.1277,104,1.0,not-provided,,,,,not-provided,,,,,,,,858:12800,
golden-moss,1000,default,golden-moss-1000,#8a800b,0.59,0.1219,104,1.0,not-provided,,,,,not-provided,,,,,,,,858:12816,
golden-moss,1100,default,golden-moss-1100,#7a7105,0.54,0.1125,104,1.0,not-provided,,,,,not-provided,,,,,,,,858:12832,
golden-moss,1200,default,golden-moss-1200,#645d0b,0.47,0.0950,104,1.0,not-provided,,,,,not-provided,,,,,,,,858:12848,
golden-moss,1300,default,golden-moss-1300,#4e4913,0.40,0.0727,104,1.0,not-provided,,,,,not-provided,,,,,,,,858:12864,
golden-moss,1400,default,golden-moss-1400,#302f1b,0.30,0.0323,104,1.0,not-provided,,,,,not-provided,,,,,,,,858:12880,
golden-moss,1500,default,golden-moss-1500,#181706,0.20,0.0300,104,1.0,not-provided,,,,,not-provided,,,,,,,,858:12896,
membership-yellow,010,default,membership-yellow-010,#fefcf3,0.99,0.0115,95,1.0,not-provided,,,,,not-provided,,,,,,,,858:12930,
membership-yellow,050,default,membership-yellow-050,#fcf7e3,0.975,0.0269,95,1.0,not-provided,,,,,not-provided,,,,,,,,858:12946,
membership-yellow,100,default,membership-yellow-100,#fff0b1,0.955,0.0819,95,1.0,not-provided,,,,,not-provided,,,,,,,,858:12962,
membership-yellow,200,default,membership-yellow-200,#ffe776,0.93,0.1359,95,1.0,not-provided,,,,,not-provided,,,,,,,,858:12978,
membership-yellow,300,default,membership-yellow-300,#ffdb22,0.90,0.1791,95,1.0,not-provided,,,,,not-provided,,,,,,,,858:12994,
membership-yellow,400,default,membership-yellow-400,#fdd000,0.87,0.1987,95,1.0,not-provided,,,,,not-provided,,,,,,,,858:13010,
membership-yellow,500,default,membership-yellow-500,#f2c700,0.84,0.1998,95,1.0,not-provided,,,,,not-provided,,,,,,,,858:13026,
membership-yellow,600,default,membership-yellow-600,#e3ba00,0.80,0.1985,95,1.0,not-provided,,,,,not-provided,,,,,,,,858:13042,
membership-yellow,700,default,membership-yellow-700,#d2ac00,0.755,0.1956,95,1.0,not-provided,,,,,not-provided,,,,,,,,858:13058,
membership-yellow,800,default,membership-yellow-800,#be9b00,0.7,0.1897,95,1.0,not-provided,,,,,not-provided,,,,,,,,858:13074,
membership-yellow,850,default,membership-yellow-850,#b08f00,0.66,0.1839,95,1.0,not-provided,,,,,not-provided,,,,,,,,858:13090,
membership-yellow,900,default,membership-yellow-900,#a58600,0.63,0.1787,95,1.0,not-provided,,,,,not-provided,,,,,,,,858:13106,
membership-yellow,1000,default,membership-yellow-1000,#987b00,0.59,0.1706,95,1.0,not-provided,,,,,not-provided,,,,,,,,858:13122,
membership-yellow,1100,default,membership-yellow-1100,#876c00,0.54,0.1587,95,1.0,not-provided,,,,,not-provided,,,,,,,,858:13138,
membership-yellow,1200,default,membership-yellow-1200,#6f5900,0.47,0.1387,95,1.0,not-provided,,,,,not-provided,,,,,,,,858:13154,
membership-yellow,1300,default,membership-yellow-1300,#594600,0.40,0.1147,95,1.0,not-provided,,,,,not-provided,,,,,,,,858:13170,
membership-yellow,1400,default,membership-yellow-1400,#392c00,0.30,0.0736,95,1.0,not-provided,,,,,not-provided,,,,,,,,858:13186,
membership-yellow,1500,default,membership-yellow-1500,#171614,0.20,0.05,95,1.0,not-provided,,,,,not-provided,,,,,,,,858:13202,
warning-yellow,010,default,warning-yellow-010,#fffcf0,0.99,0.0163,92,1.0,not-provided,,,,,not-provided,,,,,,,,858:13236,
warning-yellow,050,default,warning-yellow-050,#fef7e1,0.975,0.0288,92,1.0,not-provided,,,,,not-provided,,,,,,,,858:13252,
warning-yellow,100,default,warning-yellow-100,#fbf0cf,0.955,0.0446,92,1.0,not-provided,,,,,not-provided,,,,,,,,858:13268,
warning-yellow,200,default,warning-yellow-200,#f7e7b9,0.93,0.0628,92,1.0,not-provided,,,,,not-provided,,,,,,,,858:13284,
warning-yellow,300,default,warning-yellow-300,#f2dd9f,0.90,0.0825,92,1.0,not-provided,,,,,not-provided,,,,,,,,858:13300,
warning-yellow,400,default,warning-yellow-400,#ecd386,0.87,0.0998,92,1.0,not-provided,,,,,not-provided,,,,,,,,858:13316,
warning-yellow,500,default,warning-yellow-500,#e5c86e,0.84,0.1148,92,1.0,not-provided,,,,,not-provided,,,,,,,,858:13332,
warning-yellow,600,default,warning-yellow-600,#d9b74b,0.79,0.1311,92,1.0,not-provided,,,,,not-provided,,,,,,,,858:13348,
warning-yellow,700,default,warning-yellow-700,#d0ac27,0.755,0.1444,92,1.0,not-provided,,,,,not-provided,,,,,,,,858:13364,
warning-yellow,800,default,warning-yellow-800,#c19a00,0.7,0.1534,92,1.0,not-provided,,,,,not-provided,,,,,,,,858:13380,
warning-yellow,850,default,warning-yellow-850,#b48d00,0.66,0.1550,92,1.0,not-provided,,,,,not-provided,,,,,,,,858:13396,
warning-yellow,900,default,warning-yellow-900,#a98400,0.63,0.1540,92,1.0,not-provided,,,,,not-provided,,,,,,,,858:13412,
warning-yellow,1000,default,warning-yellow-1000,#9b7900,0.59,0.1505,92,1.0,not-provided,,,,,not-provided,,,,,,,,858:13428,
warning-yellow,1100,default,warning-yellow-1100,#8a6a00,0.54,0.1426,92,1.0,not-provided,,,,,not-provided,,,,,,,,858:13444,
warning-yellow,1200,default,warning-yellow-1200,#725700,0.47,0.1247,92,1.0,not-provided,,,,,not-provided,,,,,,,,858:13460,
warning-yellow,1300,default,warning-yellow-1300,#5b4500,0.40,0.0991,92,1.0,not-provided,,,,,not-provided,,,,,,,,858:13476,
warning-yellow,1400,default,warning-yellow-1400,#372d0d,0.30,0.0489,92,1.0,not-provided,,,,,not-provided,,,,,,,,858:13492,
warning-yellow,1500,default,warning-yellow-1500,#1d1500,0.20,0.04,92,1.0,not-provided,,,,,not-provided,,,,,,,,858:13508,
natural-grey,010,default,natural-grey-010,#fdfcf9,0.99,0.004,89,1.0,not-provided,,,,,not-provided,,,,,,,,858:13542,
natural-grey,050,default,natural-grey-050,#f8f7f2,0.975,0.0062,89,1.0,not-provided,,,,,not-provided,,,,,,,,858:13558,
natural-grey,100,default,natural-grey-100,#f4f0e6,0.955,0.0141,89,1.0,not-provided,,,,,not-provided,,,,,,,,858:13574,
natural-grey,200,default,natural-grey-200,#eee7d8,0.93,0.0222,89,1.0,not-provided,,,,,not-provided,,,,,,,,858:13590,
natural-grey,300,default,natural-grey-300,#e6ddc9,0.90,0.0293,89,1.0,not-provided,,,,,not-provided,,,,,,,,858:13606,
natural-grey,400,default,natural-grey-400,#ddd4bc,0.87,0.0336,89,1.0,not-provided,,,,,not-provided,,,,,,,,858:13622,
natural-grey,500,default,natural-grey-500,#d4cab1,0.84,0.035,89,1.0,not-provided,,,,,not-provided,,,,,,,,858:13638,
natural-grey,600,default,natural-grey-600,#c7bda5,0.80,0.0349,89,1.0,not-provided,,,,,not-provided,,,,,,,,858:13654,
natural-grey,700,default,natural-grey-700,#b8af97,0.755,0.0345,89,1.0,not-provided,,,,,not-provided,,,,,,,,858:13670,
natural-grey,800,default,natural-grey-800,#a79e87,0.7,0.0336,89,1.0,not-provided,,,,,not-provided,,,,,,,,858:13686,
natural-grey,850,default,natural-grey-850,#9a927c,0.66,0.0327,89,1.0,not-provided,,,,,not-provided,,,,,,,,858:13702,
natural-grey,900,default,natural-grey-900,#918974,0.63,0.0318,89,1.0,not-provided,,,,,not-provided,,,,,,,,858:13718,
natural-grey,1000,default,natural-grey-1000,#847d69,0.59,0.0305,89,1.0,not-provided,,,,,not-provided,,,,,,,,858:13734,
natural-grey,1100,default,natural-grey-1100,#756e5c,0.54,0.0285,89,1.0,not-provided,,,,,not-provided,,,,,,,,858:13750,
natural-grey,1200,default,natural-grey-1200,#605a4b,0.47,0.0252,89,1.0,not-provided,,,,,not-provided,,,,,,,,858:13766,
natural-grey,1300,default,natural-grey-1300,#4c473b,0.40,0.0211,89,1.0,not-provided,,,,,not-provided,,,,,,,,858:13782,
natural-grey,1400,default,natural-grey-1400,#312e26,0.30,0.0141,89,1.0,not-provided,,,,,not-provided,,,,,,,,858:13798,
natural-grey,1500,default,natural-grey-1500,#181611,0.20,0.01,89,1.0,not-provided,,,,,not-provided,,,,,,,,858:13814,
warm-grey,000,default,warm-grey-000,#ffffff,1,0.0015,82,1.0,not-provided,,,,,not-provided,,,,,,,,858:13848,
warm-grey,010,default,warm-grey-010,#fcfcfb,0.99,0.0015,82,1.0,not-provided,,,,,not-provided,,,,,,,,858:13864,
warm-grey,050,default,warm-grey-050,#f7f7f5,0.975,0.0022,82,1.0,not-provided,,,,,not-provided,,,,,,,,858:13880,
warm-grey,100,default,warm-grey-100,#f1f0ed,0.955,0.0036,82,1.0,not-provided,,,,,not-provided,,,,,,,,858:13896,
warm-grey,200,default,warm-grey-200,#eae7e4,0.93,0.0053,82,1.0,not-provided,,,,,not-provided,,,,,,,,858:13912,
warm-grey,300,default,warm-grey-300,#e0ded9,0.90,0.0071,82,1.0,not-provided,,,,,not-provided,,,,,,,,858:13928,
warm-grey,400,default,warm-grey-400,#d7d4ce,0.87,0.0089,82,1.0,not-provided,,,,,not-provided,,,,,,,,858:13944,
warm-grey,500,default,warm-grey-500,#cecac3,0.84,0.0104,82,1.0,not-provided,,,,,not-provided,,,,,,,,858:13960,
warm-grey,600,default,warm-grey-600,#c2bdb5,0.80,0.0123,82,1.0,not-provided,,,,,not-provided,,,,,,,,858:13976,
warm-grey,700,default,warm-grey-700,#b4afa6,0.755,0.0142,82,1.0,not-provided,,,,,not-provided,,,,,,,,858:13992,
warm-grey,800,default,warm-grey-800,#a39e93,0.7,0.0160,82,1.0,not-provided,,,,,not-provided,,,,,,,,858:14008,
warm-grey,850,default,warm-grey-850,#979187,0.66,0.0170,82,1.0,not-provided,,,,,not-provided,,,,,,,,858:14024,
warm-grey,900,default,warm-grey-900,#8e887d,0.63,0.0175,82,1.0,not-provided,,,,,not-provided,,,,,,,,858:14040,
warm-grey,1000,default,warm-grey-1000,#837c71,0.59,0.0181,82,1.0,not-provided,,,,,not-provided,,,,,,,,858:14056,
warm-grey,1100,default,warm-grey-1100,#746e63,0.54,0.0185,82,1.0,not-provided,,,,,not-provided,,,,,,,,858:14072,
warm-grey,1200,default,warm-grey-1200,#605a4f,0.47,0.0182,82,1.0,not-provided,,,,,not-provided,,,,,,,,858:14088,
warm-grey,1300,default,warm-grey-1300,#4c473e,0.40,0.0168,82,1.0,not-provided,,,,,not-provided,,,,,,,,858:14104,
warm-grey,1400,default,warm-grey-1400,#312d27,0.30,0.0127,82,1.0,not-provided,,,,,not-provided,,,,,,,,858:14120,
warm-grey,1500,default,warm-grey-1500,#171613,0.20,0.0062,82,1.0,not-provided,,,,,not-provided,,,,,,,,858:14136,
warm-grey,1600,default,warm-grey-1600,#000000,0,0.0050,82,1.0,not-provided,,,,,not-provided,,,,,,,,858:14152,
golden-yellow,010,default,golden-yellow-010,#fcfcfb,0.99,0.0015,78,1.0,not-provided,,,,,not-provided,,,,,,,,858:14154,
golden-yellow,050,default,golden-yellow-050,#fff5e0,0.975,0.0308,78,1.0,not-provided,,,,,not-provided,,,,,,,,858:14170,
golden-yellow,100,default,golden-yellow-100,#ffecbf,0.955,0.0656,78,1.0,not-provided,,,,,not-provided,,,,,,,,858:14186,
golden-yellow,200,default,golden-yellow-200,#ffe09b,0.93,0.1024,78,1.0,not-provided,,,,,not-provided,,,,,,,,858:14202,
golden-yellow,300,default,golden-yellow-300,#ffd378,0.90,0.1366,78,1.0,not-provided,,,,,not-provided,,,,,,,,858:14218,
golden-yellow,400,default,golden-yellow-400,#ffc64b,0.87,0.16,78,1.0,not-provided,,,,,not-provided,,,,,,,,858:14234,
golden-yellow,500,default,golden-yellow-500,#ffba12,0.84,0.1726,78,1.0,not-provided,,,,,not-provided,,,,,,,,858:14250,
golden-yellow,600,default,golden-yellow-600,#f7a900,0.79,0.1749,78,1.0,not-provided,,,,,not-provided,,,,,,,,858:14266,
golden-yellow,700,default,golden-yellow-700,#ea9e00,0.755,0.1735,78,1.0,not-provided,,,,,not-provided,,,,,,,,858:14282,
golden-yellow,800,default,golden-yellow-800,#d58e00,0.7,0.1699,78,1.0,not-provided,,,,,not-provided,,,,,,,,858:14298,
golden-yellow,850,default,golden-yellow-850,#c68300,0.66,0.1660,78,1.0,not-provided,,,,,not-provided,,,,,,,,858:14314,
golden-yellow,900,default,golden-yellow-900,#ba7b00,0.63,0.1623,78,1.0,not-provided,,,,,not-provided,,,,,,,,858:14330,
golden-yellow,1000,default,golden-yellow-1000,#ab7000,0.59,0.1564,78,1.0,not-provided,,,,,not-provided,,,,,,,,858:14346,
golden-yellow,1100,default,golden-yellow-1100,#986200,0.54,0.1475,78,1.0,not-provided,,,,,not-provided,,,,,,,,858:14362,
golden-yellow,1200,default,golden-yellow-1200,#7e5000,0.47,0.1320,78,1.0,not-provided,,,,,not-provided,,,,,,,,858:14378,
golden-yellow,1300,default,golden-yellow-1300,#653e00,0.40,0.1130,78,1.0,not-provided,,,,,not-provided,,,,,,,,858:14394,
golden-yellow,1400,default,golden-yellow-1400,#432700,0.30,0.08,78,1.0,not-provided,,,,,not-provided,,,,,,,,858:14410,
golden-yellow,1500,default,golden-yellow-1500,#201301,0.20,0.04,78,1.0,not-provided,,,,,not-provided,,,,,,,,858:14426,
error-red,010,default,error-red-010,#fff8f6,0.99,0.0150,30,1.0,not-provided,,,,,not-provided,,,,,,,,858:14460,
error-red,050,default,error-red-050,#fff1ed,0.975,0.0259,30,1.0,not-provided,,,,,not-provided,,,,,,,,858:14476,
error-red,100,default,error-red-100,#ffe7e1,0.955,0.0399,30,1.0,not-provided,,,,,not-provided,,,,,,,,858:14492,
error-red,200,default,error-red-200,#ffdbd2,0.93,0.0565,30,1.0,not-provided,,,,,not-provided,,,,,,,,858:14508,
error-red,300,default,error-red-300,#ffccc1,0.90,0.075,30,1.0,not-provided,,,,,not-provided,,,,,,,,858:14524,
error-red,400,default,error-red-400,#ffbeb1,0.87,0.0921,30,1.0,not-provided,,,,,not-provided,,,,,,,,858:14540,
error-red,500,default,error-red-500,#ffb0a1,0.84,0.1078,30,1.0,not-provided,,,,,not-provided,,,,,,,,858:14556,
error-red,600,default,error-red-600,#ff9e8d,0.80,0.1264,30,1.0,not-provided,,,,,not-provided,,,,,,,,858:14572,
error-red,700,default,error-red-700,#fe8978,0.755,0.1443,30,1.0,not-provided,,,,,not-provided,,,,,,,,858:14588,
error-red,800,default,error-red-800,#f2725f,0.7,0.1618,30,1.0,not-provided,,,,,not-provided,,,,,,,,858:14604,
error-red,850,default,error-red-850,#e8614f,0.66,0.1714,30,1.0,not-provided,,,,,not-provided,,,,,,,,858:14620,
error-red,900,default,error-red-900,#e05543,0.63,0.1770,30,1.0,not-provided,,,,,not-provided,,,,,,,,858:14636,
error-red,1000,default,error-red-1000,#d44534,0.59,0.1821,30,1.0,not-provided,,,,,not-provided,,,,,,,,858:14652,
error-red,1100,default,error-red-1100,#c33122,0.54,0.1849,30,1.0,not-provided,,,,,not-provided,,,,,,,,858:14668,
error-red,1200,default,error-red-1200,#a8180c,0.47,0.1786,30,1.0,not-provided,,,,,not-provided,,,,,,,,858:14684,
error-red,1300,default,error-red-1300,#880e05,0.40,0.1550,30,1.0,not-provided,,,,,not-provided,,,,,,,,858:14700,
error-red,1400,default,error-red-1400,#52160f,0.30,0.0911,30,1.0,not-provided,,,,,not-provided,,,,,,,,858:14716,
error-red,1500,default,error-red-1500,#320100,0.20,0.08,30,1.0,not-provided,,,,,not-provided,,,,,,,,858:14732,
new-sale-red,010,default,new-sale-red-010,#fff9f4,0.99,0.015,39,1.0,not-provided,,,,,not-provided,,,,,,,,858:14766,
new-sale-red,050,default,new-sale-red-050,#fff3ee,0.975,0.019,39,1.0,not-provided,,,,,not-provided,,,,,,,,858:14782,
new-sale-red,100,default,new-sale-red-100,#ffe9e0,0.955,0.0343,39,1.0,not-provided,,,,,not-provided,,,,,,,,858:14798,
new-sale-red,200,default,new-sale-red-200,#ffddce,0.93,0.0525,39,1.0,not-provided,,,,,not-provided,,,,,,,,858:14814,
new-sale-red,300,default,new-sale-red-300,#ffcebb,0.90,0.0729,39,1.0,not-provided,,,,,not-provided,,,,,,,,858:14830,
new-sale-red,400,default,new-sale-red-400,#ffc0a8,0.87,0.0916,39,1.0,not-provided,,,,,not-provided,,,,,,,,858:14846,
new-sale-red,500,default,new-sale-red-500,#ffb296,0.84,0.1086,39,1.0,not-provided,,,,,not-provided,,,,,,,,858:14862,
new-sale-red,600,default,new-sale-red-600,#ffa07e,0.80,0.1289,39,1.0,not-provided,,,,,not-provided,,,,,,,,858:14878,
new-sale-red,700,default,new-sale-red-700,#fe8b66,0.755,0.1482,39,1.0,not-provided,,,,,not-provided,,,,,,,,858:14894,
new-sale-red,800,default,new-sale-red-800,#f27448,0.7,0.1669,39,1.0,not-provided,,,,,not-provided,,,,,,,,858:14910,
new-sale-red,850,default,new-sale-red-850,#e96333,0.66,0.177,39,1.0,not-provided,,,,,not-provided,,,,,,,,858:14926,
new-sale-red,900,default,new-sale-red-900,#e05723,0.63,0.1827,39,1.0,not-provided,,,,,not-provided,,,,,,,,858:14942,
new-sale-red,1000,default,new-sale-red-1000,#d44703,0.59,0.1877,39,1.0,not-provided,,,,,not-provided,,,,,,,,858:14958,
new-sale-red,1100,default,new-sale-red-1100,#c33400,0.54,0.19,39,1.0,not-provided,,,,,not-provided,,,,,,,,858:14974,
new-sale-red,1200,default,new-sale-red-1200,#a71f00,0.47,0.1828,39,1.0,not-provided,,,,,not-provided,,,,,,,,858:14990,
new-sale-red,1300,default,new-sale-red-1300,#881300,0.40,0.1614,39,1.0,not-provided,,,,,not-provided,,,,,,,,858:15006,
new-sale-red,1400,default,new-sale-red-1400,#561100,0.30,0.1058,39,1.0,not-provided,,,,,not-provided,,,,,,,,858:15022,
new-sale-red,1500,default,new-sale-red-1500,#270e06,0.20,0.045,39,1.0,not-provided,,,,,not-provided,,,,,,,,858:15038,
